# ts,code,seconds,up
2026-09-09T16:14:35Z,200,0.410210,1
2026-09-09T16:55:33Z,app,200,0.352502,1
2026-09-09T16:55:33Z,api,200,0.565099,1
2026-09-09T16:55:33Z,docs,200,0.222075,1
2026-09-09T19:15:06Z,app,200,0.714,1
2026-09-09T19:15:06Z,api,200,0.056,1
2026-09-09T19:15:06Z,docs,200,0.281,1
2026-09-09T19:16:40Z,app,200,0.196713,1
2026-09-09T19:16:40Z,api,200,0.161968,1
2026-09-09T19:16:40Z,docs,200,0.747309,1
2026-09-09T21:43:23Z,app,200,0.484926,1
2026-09-09T21:43:23Z,api,200,0.323160,1
2026-09-09T21:43:23Z,docs,200,0.266510,1
2026-09-09T23:30:05Z,app,200,0.304134,1
2026-09-09T23:30:05Z,api,200,0.124990,1
2026-09-09T23:30:05Z,docs,200,0.171130,1
